Ciudad real,Estado,Ciudad original
Nueva York,Nueva York,MOUNTMEND
Bufalo,Nueva York,EANVERNESS
Rochester,Nueva York,DONCASTER
Yonkers,Nueva York,HORNSEY
Albany,Nueva York,GOULCREST
Chicago,Illinois,PITMERDEN
Los Angeles,California,LARNWICK
San Diego,California,HARDERSFIELD
San Jose,California,PAENTMARWY
San Francisco,California,DRY GULCH
Sacramento,California,ARBINGTON
Long Beach,California,WANBORNE
Fresno,California,BALLYMENA
Oakland,California,IRRAGIN
Bakersfield,California,GARIGILL
Anaheim,California,PEMBROKE
Santa Ana,California,SOLARIS
Riverside,California,PORTHCRAWL
Stockton,California,CESTERFIELD
Chula Vista,California,BALERNO
Garden Grove,California,STANMORE
Santa Rosa,California,AETHELNEY
Chattanooga,Tennessee,CLARCTON
Oceanside,California,GUTHRAM
Fort Lauderdale,Florida,CULCHETH
Rancho Cucamonga,California,WINTERVALE
Houston,Texas,BEGGAR'S HOLE
San Antonio,Texas,ASHBORNE
Dallas,Texas,CAERSHIRE
Austin,Texas,BLACK HOLLOW
Fort Worth,Texas,BROMWICH
Charlotte,Carolina del Norte,CLAETHORPES
Detroit,Michigan,BLACKPOOL
El Paso,Texas,TAMWORTH
Garland,Texas,SHARNWICK
Amarillo,Texas,ALNERWICK
Grand Prairie,Texas,CARDEND
Brownsville,Texas,NORFOLK
Mesquite,Texas,EASTHALLOW
Pasadena,Texas,BREDWARDINE
Clearwater,Florida,BARNCOMBE
Miami Gardens,Florida,KELD
Jacksonville,Florida,PELLA'S WISH
Miami,Florida,KILMARNOCK
Tampa,Florida,ABERDEEN
Gainesville,Florida,HILLFAR
Orlando,Florida,PAETHSMOUTH
Orlando,Florida,LEESIDE
Hialeah,Florida,SWORDBREAK
Tallahassee,Florida,BULLMAR
Fort Lauderdale,Florida,GRAYCOTT
Pembroke Pines,Florida,EASTHAVEN
Port St. Lucie,Florida,HARTLEPOOL
Cape Coral,Florida,HALIVAARA
Miramar,Florida,PALPERROTH
Coral Springs,Florida,OLDHAM
Grand Rapids,Michigan,LANTEGLOS
Ann Arbor,Michigan,WOLFORD
Sterling Heights,Michigan,FURNESS
Paterson,Nueva Jersey,SUTTON
Paterson,Nueva Jersey,TARMSWORTH
Memphis,Tennessee,LEWES
Nashville,Tennessee,LUTON
Knoxville,Tennessee,KNIFE'S EDGE
Clarksville,Tennessee,AYLESBURY
Murfreesboro,Tennessee,VERITAS
Durham,Carolina del Norte,LUNDY
Nueva Jersey,Newark,TYWARDREATH